date,connector,commit,author,source_url,source_type,license,artifact_path,prior_exposure,notes,reviewer,legal_signoff
2026-08-28,common,init,platform <platform@yamaha>,https://github.com/dreamfactorysoftware/dreamfactory/blob/master/composer.json-dist,apache_interface,Apache-2.0,docs/architecture/connector-clean-room.md:1,no,Documento original preservado (17 linhas) + controles RQ-004 formalizados,platform,pending
2026-08-28,oracle,abc1234,Ana Silva <ana@yamaha>,https://www.php.net/manual/en/book.oci8.php,php_manual,PHP-3.01,extensions/df-oracle/src/ServiceProvider.php:17,no,Registro oracle via DbSchemaExtensions + ServiceManager a partir de df-core/df-sqldb Apache-2.0 + php.net oci8 API,Carlos Lima,pending
2026-08-28,oracle,abc1234,Ana Silva <ana@yamaha>,https://github.com/yajra/laravel-oci8,mit_driver,MIT,extensions/df-oracle/composer.json:10,no,yajra/laravel-oci8 ^13.0 como driver MIT permitido para Oracle,Carlos Lima,pending
2026-08-28,oracle,abc1234,Ana Silva <ana@yamaha>,https://docs.oracle.com/en/database/oracle/oracle-database/19/,official_docs,Oracle Docs (proprietary docs not code),extensions/df-oracle/src/Database/Schema/OracleSchema.php,no,Catálogo Oracle (all_tables/all_tab_columns) via docs públicas Oracle,Carlos Lima,pending
2026-08-28,sqlsrv,def5678,Carla Dias <carla@yamaha>,https://learn.microsoft.com/en-us/sql/connect/php/pdo-sqlsrv,official_docs,Microsoft Docs (MIT samples),extensions/df-sqlsrv/src/ServiceProvider.php:17,no,pdo_sqlsrv/sqlsrv registration via DbSchemaExtensions — Microsoft Learn,Carlos Lima,pending
2026-08-28,sqlsrv,def5678,Carla Dias <carla@yamaha>,https://learn.microsoft.com/en-us/sql/connect/odbc/download-odbc-driver-for-sql-server,official_docs,Microsoft ODBC EULA,extensions/df-sqlsrv/src/Services/SqlServer.php:1,no,Microsoft ODBC Driver for SQL Server — EULA avaliado em matriz §10,Carlos Lima,pending
2026-08-28,informix,ghi9012,Bruno Costa <bruno@yamaha>,https://www.ibm.com/docs/en/informix-servers/14.10?topic=tables-systables,official_docs,IBM Docs (proprietary docs not code),extensions/df-informix/src/Database/Schema/InformixSchema.php:22,no,systables/syscolumns/sysconstraints/sysindexes — catálogo Informix via IBM docs,Carlos Lima,pending
2026-08-28,informix,ghi9012,Bruno Costa <bruno@yamaha>,https://pecl.php.net/package/PDO_INFORMIX,pecl_source,Apache-2.0/PHP-3.01,docker/vendor/PDO_INFORMIX-1.3.7.tgz,no,PDO_INFORMIX 1.3.7 PECL source — compilado em Dockerfile.offline:8 sem CSDK versionado,Carlos Lima,pending
2026-08-28,informix,ghi9012,Bruno Costa <bruno@yamaha>,https://www.ibm.com/docs/en/informix-servers/14.10?topic=configuration-client-products,official_docs,IBM ILA,docker/informix-odbcinst.ini:3,no,CSDK libifcli.so via stage klauvi/node-informix — Dockerfile.offline:1 — licença IBM ILA pendente gate jurídico,Carlos Lima,pending
2026-08-28,common,jkl3456,Bruno Costa <bruno@yamaha>,https://www.php.net/manual/en/pdo.informix.php,php_manual,PHP-3.01,extensions/df-informix/src/Database/InformixConnector.php:23,no,DSN informix:DRIVER={Informix};SERVER=... via php.net — falha explícita se extensão ausente,Carlos Lima,pending
2026-08-28,sqlsrv,rq022,Muse Spark <spark@yamaha>,https://learn.microsoft.com/en-us/sql/connect/php/pdo-sqlsrv,official_docs,Microsoft Docs (MIT samples),extensions/df-sqlsrv/src/Models/SqlServerConfig.php:10,no,RQ-022 pdo_sqlsrv secure defaults Encrypt=Yes + TrustServerCertificate via adaptConfig + allowlist sys.* binds/schemas/identity/rowversion/datetimeoffset/GUID/result sets — ODBC external not redistributed,Carlos Lima,pending
2026-08-28,sqlsrv,rq022,Muse Spark <spark@yamaha>,https://learn.microsoft.com/en-us/sql/relational-databases/system-catalog-views/sys-columns-transact-sql,official_docs,Microsoft Docs (proprietary docs not code),extensions/df-sqlsrv/src/Database/Schema/SqlServerSchema.php:15,no,RQ-022 sys.schemas/sys.tables/sys.views/sys.columns/sys.types — named binds :schema/:table — identity/rowversion/datetimeoffset/GUID typed via mapType,Carlos Lima,pending
2026-08-28,oracle,rq023,Muse Spark <spark@yamaha>,https://docs.oracle.com/en/database/oracle/oracle-database/19/sqlrf/ALL_TABLES.html,official_docs,Oracle Docs (proprietary docs not code),extensions/df-oracle/src/Database/Schema/OracleSchema.php:22,no,RQ-023 ALL_TABLES/ALL_VIEWS/ALL_TAB_COLUMNS + ALL_SEQUENCES/ALL_SYNONYMS via ALL_* catalog — NUMBER/DATE/LOB/sequence/synonym/ref cursor covered — named binds :schema,Carlos Lima,pending
2026-08-28,oracle,rq023,Muse Spark <spark@yamaha>,https://docs.oracle.com/en/database/oracle/oracle-database/19/netag/configuring-naming-methods.html,official_docs,Oracle Docs (proprietary docs not code),extensions/df-oracle/src/Models/OracleConfig.php:8,no,RQ-023 service_name vs SID (database) + schema + charset — oci8 external Instant Client not redistributed — yajra MIT,Carlos Lima,pending
2026-08-28,informix,rq024,Muse Spark <spark@yamaha>,https://www.ibm.com/docs/en/informix-servers/14.10?topic=tables-systables,official_docs,IBM Docs (proprietary docs not code),extensions/df-informix/src/Database/Schema/InformixSchema.php:20,no,RQ-024 systables/syscolumns/sysconstraints — serial/LVARCHAR/TEXT/BYTE/owner/transaction via PDO — PHP 8.3/Laravel 13 — CSDK not redistributed,Carlos Lima,pending
2026-08-28,informix,rq024,Muse Spark <spark@yamaha>,https://pecl.php.net/package/PDO_INFORMIX,pecl_source,Apache-2.0/PHP-3.01,extensions/df-informix/src/Database/InformixConnector.php:11,no,RQ-024 pdo_informix hard fail if missing — PDO_INFORMIX-1.3.7.tgz source only — CSDK libifcli.so external,Carlos Lima,pending
2026-08-28,common,rq025,Muse Spark <spark@yamaha>,https://github.com/dreamfactorysoftware/df-sqldb/blob/master/src/Services/SqlDb.php,apache_interface,Apache-2.0,docs/architecture/postgres-qualification.md:1,no,RQ-025 pgsql_query wiring PTG target + cluster-wide invalidation via ServiceModifiedEvent + stateless + pool via config/database.php ServiceConfig options/attributes,Carlos Lima,pending
2026-08-28,common,rq025,Muse Spark <spark@yamaha>,https://github.com/dreamfactorysoftware/df-sqldb/blob/master/src/Models/PgSqlDbConfig.php,apache_interface,Apache-2.0,config/database.php:44,no,RQ-025 PostgreSQL pool configurável via pgsql connections + ServiceCacheConfig + cache store database/redis,Carlos Lima,pending
